Model,MaxLeadTime_hours,MeanFDE_km,MedianFDE_km,N
GNO+DynGNN,48,935.9364022671382,1028.2377202842272,9
LSTM,48,1167.3190626845073,1147.5346162556475,9
Transformer,48,1020.0534199482247,955.5966376617603,9
