Model,MeanSigmaLat,MeanSigmaLon,MeanUncertaintyProxy,MedianUncertaintyProxy,N
GNO+DynGNN,20.08553695678711,20.08553695678711,403.4287948424608,403.4287948424608,36
LSTM,10.044007854536176,15.064772405661643,100.89453901358915,0.0497870706319487,36
Transformer,10.044007854536176,15.064772405661643,100.89453901358915,0.0497870706319487,36
